0,挑戦するには,ひとつ前のマップを,クリアする必要があります,
1,挑戦するには,日本編第1章を,クリアする必要があります,
2,挑戦するには,日本編第2章を,クリアする必要があります,
3,挑戦するには,日本編第3章を,クリアする必要があります,
4,挑戦するには,未来編第1章を,クリアする必要があります,
5,挑戦するには,未来編第2章を,クリアする必要があります,
6,挑戦するには,未来編第3章を,クリアする必要があります,
7,挑戦するには,宇宙編第1章を,クリアする必要があります,
8,挑戦するには,宇宙編第2章を,クリアする必要があります,
9,挑戦するには,宇宙編第3章を,クリアする必要があります,
19,挑戦するには,狂乱ステージ(全9種類)を,全てクリアする必要があります,
20,挑戦するには,レジェンドステージを,全てクリアする必要があります,
25,挑戦するには,ユーザーランク1600以上を,達成する必要があります,
100000,挑戦するには,伝説のはじまりを,全てクリアする必要があります,
100001,挑戦するには,情熱の国を,全てクリアする必要があります,
100002,挑戦するには,グルコサミン砂漠を,全てクリアする必要があります,
100003,挑戦するには,猫ども海を渡るを,全てクリアする必要があります,
100004,挑戦するには,見つめてキャッツアイを,全てクリアする必要があります,
100005,挑戦するには,ウエスタン街道を,全てクリアする必要があります,
100006,挑戦するには,マグロ海域を,全てクリアする必要があります,
100007,挑戦するには,バンブー島を,全てクリアする必要があります,
100008,挑戦するには,ぷにぷに鍾乳洞を,全てクリアする必要があります,
100009,挑戦するには,ボルケーノ火山を,全てクリアする必要があります,
100010,挑戦するには,千里の道を,全てクリアする必要があります,
100011,挑戦するには,アオ・ザ・カナを,全てクリアする必要があります,
100012,挑戦するには,軍艦島を,全てクリアする必要があります,
100013,挑戦するには,つめとぎの廊下を,全てクリアする必要があります,
100014,挑戦するには,パルテノン神殿を,全てクリアする必要があります,
100015,挑戦するには,ずんどこ海水浴場を,全てクリアする必要があります,
100016,挑戦するには,アルカトラズ島を,全てクリアする必要があります,
100017,挑戦するには,脱獄トンネルを,全てクリアする必要があります,
100018,挑戦するには,カポネの監獄を,全てクリアする必要があります,
100019,挑戦するには,シルクロードを,全てクリアする必要があります,
100020,挑戦するには,闇へと続く地下道を,全てクリアする必要があります,
100021,挑戦するには,魔王の豪邸を,全てクリアする必要があります,
100022,挑戦するには,終わりを告げる夜を,全てクリアする必要があります,
100023,挑戦するには,バトルロワイアルを,全てクリアする必要があります,
100024,挑戦するには,戦争のつめあとを,全てクリアする必要があります,
100025,挑戦するには,海を汚す悪しき者を,全てクリアする必要があります,
100026,挑戦するには,心と体、繋ぐものを,全てクリアする必要があります,
100027,挑戦するには,脆弱性と弱酸性を,全てクリアする必要があります,
100028,挑戦するには,導かれしネコ達を,全てクリアする必要があります,
100029,挑戦するには,暗黒コスモポリスを,全てクリアする必要があります,
100030,挑戦するには,ガラ・パ・ゴスを,全てクリアする必要があります,
100031,挑戦するには,岩海苔半島を,全てクリアする必要があります,
100032,挑戦するには,恐ろし連邦を,全てクリアする必要があります,
100033,挑戦するには,亡者の住まう地を,全てクリアする必要があります,
100034,挑戦するには,絶島パンデミックを,全てクリアする必要があります,
100035,挑戦するには,ふくろのねずみランドを,全てクリアする必要があります,
100036,挑戦するには,ハリーウッド帝国を,全てクリアする必要があります,
100037,挑戦するには,こしぎんちゃくの浜辺を,全てクリアする必要があります,
100038,挑戦するには,雲泥温泉郷を,全てクリアする必要があります,
100039,挑戦するには,風待ちアイランドを,全てクリアする必要があります,
100040,挑戦するには,ITカタコンベを,全てクリアする必要があります,
100041,挑戦するには,変覧会の絵を,全てクリアする必要があります,
100042,挑戦するには,エリア２２を,全てクリアする必要があります,
100043,挑戦するには,超越サバンナを,全てクリアする必要があります,
100044,挑戦するには,ブリザード自動車道を,全てクリアする必要があります,
100045,挑戦するには,シンギュラリティ村を,全てクリアする必要があります,
100046,挑戦するには,オワーリ大陸を,全てクリアする必要があります,
100047,挑戦するには,伝説のおわりを,全てクリアする必要があります,
100048,挑戦するには,古代研究所を,全てクリアする必要があります,
101009,挑戦するには,勤労感謝スペシャル！,全てクリアする必要があります,
101010,挑戦するには,なんとクリスマスが来た！,全てクリアする必要があります,
101011,挑戦するには,新年、あけました！おめっ・・,全てクリアする必要があります,
101012,挑戦するには,召喚された福！,全てクリアする必要があります,
101013,挑戦するには,雛壇の戦士達,全てクリアする必要があります,
101014,挑戦するには,紅のカタストロフを,全てクリアする必要があります,
101026,挑戦するには,春だよ！高校教師,全てクリアする必要があります,
101029,挑戦するには,コイの五月病,全てクリアする必要があります,
101030,挑戦するには,禁断の花嫁を,全てクリアする必要があります,
101031,挑戦するには,だって夏じゃニャーイ！,全てクリアする必要があります,
101032,挑戦するには,あの世からの帰省ラッシュ！,全てクリアする必要があります,
101036,挑戦するには,町でみたすごい老人,全てクリアする必要があります,
101038,挑戦するには,秋だよ運動会！,全てクリアする必要があります,
102035,挑戦するには,ワルプルギスの夜を,クリアする必要があります,
101199,挑戦するには,絶・地獄門を,全てクリアする必要があります,
101205,挑戦するには,絶・亡者デブウ降臨を,全てクリアする必要があります,
101201,挑戦するには,絶・女帝飛来を,全てクリアする必要があります,
101207,挑戦するには,絶・チワワン伯爵降臨を,全てクリアする必要があります,
101196,挑戦するには,絶・断罪天使クオリネル降臨を,全てクリアする必要があります,
101214,挑戦するには,絶・夜は短し夢みよ乙女を,全てクリアする必要があります,
113000,挑戦するには,真・伝説のはじまりを,全てクリアする必要があります,									